-- MySQL dump 10.13  Distrib 8.0.30, for Win64 (x86_64)
--
-- Host: 127.0.0.1    Database: altteul
-- ------------------------------------------------------
-- Server version	8.0.27

/*!40101 SET @OLD_CHARACTER_SET_CLIENT=@@CHARACTER_SET_CLIENT */;
/*!40101 SET @OLD_CHARACTER_SET_RESULTS=@@CHARACTER_SET_RESULTS */;
/*!40101 SET @OLD_COLLATION_CONNECTION=@@COLLATION_CONNECTION */;
/*!50503 SET NAMES utf8 */;
/*!40103 SET @OLD_TIME_ZONE=@@TIME_ZONE */;
/*!40103 SET TIME_ZONE='+00:00' */;
/*!40014 SET @OLD_UNIQUE_CHECKS=@@UNIQUE_CHECKS, UNIQUE_CHECKS=0 */;
/*!40014 SET @OLD_FOREIGN_KEY_CHECKS=@@FOREIGN_KEY_CHECKS, FOREIGN_KEY_CHECKS=0 */;
/*!40101 SET @OLD_SQL_MODE=@@SQL_MODE, SQL_MODE='NO_AUTO_VALUE_ON_ZERO' */;
/*!40111 SET @OLD_SQL_NOTES=@@SQL_NOTES, SQL_NOTES=0 */;


LOCK TABLES `problem` WRITE;
/*!40000 ALTER TABLE `problem` DISABLE KEYS */;
INSERT INTO `problem` (problem_id, problem_title, description,point, total_count,created_at, updated_at) VALUES (1,'Hello world!','Hello world! 를 그대로 출력하세요.',50,1,'2025-02-03 19:10:07','2025-02-03 19:10:07'),(2,'머리 맞대기',NULL,50,5,'2025-02-03 19:10:07','2025-02-03 19:10:07'),(3,'물류창고로봇',NULL,50,7,'2025-02-03 19:10:07','2025-02-03 19:10:07'),(4,'격자도시',NULL,50,10,'2025-02-03 19:10:07','2025-02-03 19:10:07'),(5,'버스환승',NULL,50,5,'2025-02-03 19:10:07','2025-02-03 19:10:07'),(6,'MC전쟁',NULL,50,10,'2025-02-03 19:10:07','2025-02-03 19:10:07');
/*!40000 ALTER TABLE `problem` ENABLE KEYS */;
UNLOCK TABLES;


LOCK TABLES `testcase` WRITE;
/*!40000 ALTER TABLE `testcase` DISABLE KEYS */;
INSERT INTO `testcase` (testcase_id, problem_id, testcase_number, input, output, created_at, updated_at) VALUES (1,1,1,'NULL','Hello World!','2025-02-03 19:10:07','2025-02-03 19:10:07'),(2,2,1,'8 3\n150 130 90 110 140 200 120 90','360','2025-02-03 19:10:07','2025-02-03 19:10:07'),(3,2,2,'6 3\n10 30 25 50 20 30','60','2025-02-03 19:10:07','2025-02-03 19:10:07'),(4,2,3,'6 5\n4 5 1 6 4 7','7','2025-02-03 19:10:07','2025-02-03 19:10:07'),(5,2,4,'9 2\n1000 5000 3000 4000 2000 4000 1000 1000 1000','11000','2025-02-03 19:10:07','2025-02-03 19:10:07'),(6,2,5,'12 4\n5 5 5 6 6 6 7 7 7 8 8 8','22','2025-02-03 19:10:07','2025-02-03 19:10:07'),(7,3,1,'3 3\n0 0 0\n0 1 0\n0 0 0\n1 1 3\n3 3 3','4','2025-02-03 19:10:07','2025-02-03 19:10:07'),(8,3,2,'3 3\n0 0 0\n0 1 0\n0 0 0\n1 1 3\n3 3 1','3','2025-02-03 19:10:07','2025-02-03 19:10:07'),(9,3,3,'4 4\n0 0 0 0\n1 0 1 0\n0 0 0 0\n1 1 1 1\n2 4 2\n2 2 4','6','2025-02-03 19:10:07','2025-02-03 19:10:07'),(10,3,4,'5 6\n0 0 0 0 0 0\n0 1 1 0 1 0\n0 1 0 0 0 0\n0 0 1 1 1 0\n1 0 0 0 0 0\n4 2 3\n2 4 1','9','2025-02-03 19:10:07','2025-02-03 19:10:07'),(11,4,1,'1 7 3\n1 1 2\n1 2 4\n1 3 5','2 3 7 4','2025-02-03 19:10:07','2025-02-03 19:10:07'),(12,4,2,'1 1 3\n2 2 2\n3 1 6\n3 6 6','','2025-02-03 19:10:07','2025-02-03 19:10:07');
/*!40000 ALTER TABLE `testcase` ENABLE KEYS */;
UNLOCK TABLES;


LOCK TABLES `tier` WRITE;
/*!40000 ALTER TABLE `tier` DISABLE KEYS */;
INSERT INTO `tier` (tier_id, tier_name, min_point, max_point, created_at) VALUES (1,'BRONZE',0,200,'2025-02-01 03:46:06'),(2,'SILVER',201,400,'2025-02-01 03:46:06'),(3,'GOLD',401,600,'2025-02-01 03:46:06'),(4,'PLATINUM',601,800,'2025-02-01 03:46:06'),(5,'DIAMOND',801,1000,'2025-02-01 03:46:06');
/*!40000 ALTER TABLE `tier` ENABLE KEYS */;
UNLOCK TABLES;


LOCK TABLES `user` WRITE;
/*!40000 ALTER TABLE `user` DISABLE KEYS */;
INSERT INTO `user` (user_id, tier_id, profile_img, nickname, main_lang, user_status, username, password, provider, ranking_point, last_out_time, created_at, updated_at) VALUES (11,1,'기본 이미지 URL','jinwooseok','PY','A','101163507',NULL,'GH',0,NULL,'2025-02-01 12:39:10','2025-02-01 12:39:10'),(12,1,'','str1ing','JV','A','str1ing','$2a$10$6PgqPIyUdzY84E0xCQ9UXe7kMrlLsKX/0ZFOeERbHD1fiHXK.5T9u','LC',0,NULL,'2025-02-01 16:03:24','2025-02-01 16:03:24'),(13,1,'','string123','JV','A','string123','$2a$10$n7OK8YxNOP/CVGygkPcMAOzYsLZAIlKQ4NesQIh4TtuMPsE90D7Nu','LC',0,NULL,'2025-02-01 16:13:03','2025-02-01 16:13:03'),(14,1,'','string','JV','A','string','$2a$10$OWnwFtX.FOczVFbnoqMonOvzBmEyVyTA0dtEV8T5lhG51Vb8wA5rK','LC',0,NULL,'2025-02-01 16:21:58','2025-02-01 16:21:58');
/*!40000 ALTER TABLE `user` ENABLE KEYS */;
UNLOCK TABLES;


/*!40103 SET TIME_ZONE=@OLD_TIME_ZONE */;

/*!40101 SET SQL_MODE=@OLD_SQL_MODE */;
/*!40014 SET FOREIGN_KEY_CHECKS=@OLD_FOREIGN_KEY_CHECKS */;
/*!40014 SET UNIQUE_CHECKS=@OLD_UNIQUE_CHECKS */;
/*!40101 SET CHARACTER_SET_CLIENT=@OLD_CHARACTER_SET_CLIENT */;
/*!40101 SET CHARACTER_SET_RESULTS=@OLD_CHARACTER_SET_RESULTS */;
/*!40101 SET COLLATION_CONNECTION=@OLD_COLLATION_CONNECTION */;
/*!40111 SET SQL_NOTES=@OLD_SQL_NOTES */;

-- Dump completed on 2025-02-04  4:12:23
